,precision,recall,f1-score,support
non_stress,0.8331025668335286,0.8433423180592992,0.8381911701671667,9275.0
stress,0.62474173553719,0.6068740592072253,0.61567828964113,3986.0
accuracy,0.7722645351029335,0.7722645351029335,0.7722645351029335,0.7722645351029335
macro avg,0.7289221511853593,0.7251081886332622,0.7269347299041484,13261.0
weighted avg,0.7704733327224355,0.7722645351029335,0.7713081038994054,13261.0
