variant,model,mean_accuracy,std_accuracy,mean_dummy_baseline,mean_balanced_accuracy,std_balanced_accuracy,mean_f1_stress,mean_roc_auc,n_subjects,n_windows
filtered_normalized,random_forest,0.8882282200960001,0.14188414367583496,0.6995513355017347,0.8603065830605042,0.18700318677815475,0.7839425471327702,0.906079331616147,15,13261
filtered,random_forest,0.7722899456526658,0.1457337336213295,0.6995513355017347,0.7267778716778761,0.15428738052554525,0.5874202158477452,0.8665879372681768,15,13261
raw,random_forest,0.7680133860917636,0.15336849575297637,0.6995513355017347,0.7228310113503934,0.15968118740583864,0.5817916665757276,0.8613788571766706,15,13261
