,precision,recall,f1-score,support
non_stress,0.7404255319148936,0.7503031936396712,0.7453316377752494,7421.0
stress,0.3989620499513461,0.38654934003771213,0.39265762170790103,3182.0
accuracy,0.6411393001980572,0.6411393001980572,0.6411393001980572,0.6411393001980572
macro avg,0.5696937909331199,0.5684262668386917,0.5689946297415752,10603.0
weighted avg,0.6379510624620965,0.6411393001980572,0.6394928450631582,10603.0
