fold,f1,balanced_accuracy,precision,recall
1,0.5293753865182437,0.6335008774719386,0.3996265172735761,0.7838827838827839
2,0.0982769623484365,0.3589259550674428,0.09897172236503857,0.09759188846641319
3,0.5074074074074074,0.6460985257101761,0.5074074074074074,0.5074074074074074
4,0.6118546845124283,0.7213819271930653,0.631163708086785,0.5936920222634509
5,0.2743455497382199,0.5702002514367817,0.7005347593582888,0.17057291666666666
