,precision,recall,f1-score,support
non_stress,0.7434720229555237,0.698288640344967,0.7201723299284275,7421.0
stress,0.38370492705752823,0.4380892520427404,0.4090975788701394,3182.0
accuracy,0.6202018296708479,0.6202018296708479,0.6202018296708479,0.6202018296708479
macro avg,0.563588475006526,0.5681889461938536,0.5646349543992835,10603.0
weighted avg,0.6355045704281804,0.6202018296708479,0.626817632402494,10603.0
