,precision,recall,f1-score,support
non_stress,0.752504738694828,0.7489556663522436,0.7507260079692037,7421.0
stress,0.42088902704382963,0.42551854179761156,0.42319112361306455,3182.0
accuracy,0.65189097425257,0.65189097425257,0.65189097425257,0.65189097425257
macro avg,0.5866968828693289,0.5872371040749276,0.5869585657911341,10603.0
weighted avg,0.6529856219850781,0.65189097425257,0.65243156281017,10603.0
