fold,f1,balanced_accuracy,precision,recall
1,0.4965603502188868,0.5998875186978081,0.37701804368471037,0.7271062271062271
2,0.3623292595255212,0.5648962508599418,0.4186046511627907,0.3193916349809886
3,0.5149700598802395,0.6356706220783891,0.4321608040201005,0.6370370370370371
4,0.4817021276595745,0.6200695994884857,0.4449685534591195,0.5250463821892394
5,0.17371937639198218,0.5367726293103448,0.6,0.1015625
