,precision,recall,f1-score,support
non_stress,0.7741629388640369,0.7695728338498855,0.7718610623057169,7421.0
stress,0.4699318040917545,0.4764299182903834,0.4731585518102372,3182.0
accuracy,0.6815995472979346,0.6815995472979346,0.6815995472979346,0.6815995472979346
macro avg,0.6220473714778957,0.6230013760701345,0.6225098070579771,10603.0
weighted avg,0.6828620362095615,0.6815995472979346,0.682219320497114,10603.0
