,precision,recall,f1-score,support
non_stress,0.8511904761904762,0.9056730898800701,0.877586994842332,7421.0
stress,0.7414111562615442,0.63073538654934,0.6816097809475293,3182.0
accuracy,0.823163255682354,0.823163255682354,0.823163255682354,0.823163255682354
macro avg,0.7963008162260101,0.7682042382147051,0.7795983878949306,10603.0
weighted avg,0.8182452912415126,0.823163255682354,0.8187734991700447,10603.0
