fold,f1,balanced_accuracy,precision,recall
1,0.5024533856722276,0.6472135849145495,0.5412262156448203,0.46886446886446886
2,0.7559523809523809,0.8091962617079096,0.9153153153153153,0.6438529784537389
3,0.756578947368421,0.8085221143473571,0.9274193548387096,0.6388888888888888
4,0.4920353982300885,0.6315734306049077,0.4703891708967851,0.5157699443413729
5,0.8355795148247979,0.8777837643678161,0.8659217877094972,0.8072916666666666
