,precision,recall,f1-score,support
non_stress,0.8684813024675655,0.9200916318555451,0.8935418438788196,7421.0
stress,0.7836556001459322,0.6750471401634193,0.7253081208846868,3182.0
accuracy,0.8465528623974347,0.8465528623974347,0.8465528623974347,0.8465528623974347
macro avg,0.8260684513067489,0.7975693860094821,0.8094249823817532,10603.0
weighted avg,0.8430247915944694,0.8465528623974347,0.8430542737036493,10603.0
