,precision,recall,f1-score,support
non_stress,0.732685297691373,1.0,0.8457223001402524,603.0
stress,1.0,0.10569105691056911,0.19117647058823528,246.0
accuracy,0.7408716136631331,0.7408716136631331,0.7408716136631331,0.7408716136631331
macro avg,0.8663426488456865,0.5528455284552846,0.5184493853642438,849.0
weighted avg,0.8101404411164875,0.7408716136631331,0.656065911365463,849.0
