,precision,recall,f1-score,support
non_stress,0.8806935817805382,0.9171270718232044,0.8985411578322001,7421.0
stress,0.7860869565217391,0.71024512884978,0.7462440151890375,3182.0
accuracy,0.8550410261246817,0.8550410261246817,0.8550410261246817,0.8550410261246817
macro avg,0.8333902691511387,0.8136861003364921,0.8223925865106188,10603.0
weighted avg,0.8523017793120389,0.8550410261246817,0.8528362150904719,10603.0
