fold,f1,balanced_accuracy,precision,recall
1,0.5717415115005476,0.6964064874032719,0.7111716621253406,0.47802197802197804
2,0.8935611038107752,0.9165698588528343,0.927694406548431,0.861850443599493
3,0.7751605995717344,0.822240201366415,0.9187817258883249,0.6703703703703704
4,0.39416058394160586,0.5821043363416245,0.45,0.35064935064935066
5,0.8883747831116252,0.9480064655172413,0.7991675338189386,1.0
