,precision,recall,f1-score,support
non_stress,0.8851606190661985,0.9171270718232044,0.9008603573792191,7421.0
stress,0.7889498970487303,0.7225015713387807,0.7542650918635171,3182.0
accuracy,0.8587192304064887,0.8587192304064887,0.8587192304064887,0.8587192304064887
macro avg,0.8370552580574644,0.8198143215809925,0.8275627246213682,10603.0
weighted avg,0.8562874211543261,0.8587192304064887,0.8568665693125433,10603.0
