,precision,recall,f1-score,support
non_stress,0.9079568088898208,0.933800539083558,0.9206973530349739,9275.0
stress,0.8350349274583557,0.7797290516808831,0.8064348728593669,3986.0
accuracy,0.8874896312495287,0.8874896312495287,0.8874896312495287,0.8874896312495287
macro avg,0.8714958681740883,0.8567647953822206,0.8635661129471703,13261.0
weighted avg,0.8860379023680034,0.8874896312495287,0.8863522624701621,13261.0
