,precision,recall,f1-score,support
non_stress,0.8442071386775892,0.7776579975744509,0.8095672301325665,7421.0
stress,0.5619856649853995,0.6653048397234443,0.6092963016261332,3182.0
accuracy,0.7439403942280487,0.7439403942280487,0.7439403942280487,0.7439403942280487
macro avg,0.7030964018314944,0.7214814186489475,0.7094317658793499,10603.0
weighted avg,0.7595114177223362,0.7439403942280487,0.7494651746287024,10603.0
