fold,f1,balanced_accuracy,precision,recall
1,0.6795069337442219,0.7788461538461539,0.586436170212766,0.8076923076923077
2,0.551638837353123,0.6791692928360844,0.538647342995169,0.5652724968314322
3,0.6423076923076924,0.7421071556993887,0.668,0.6185185185185185
4,0.4744787922358016,0.5954686959529575,0.3873239436619718,0.6122448979591837
5,0.7061759201497193,0.7960219109195402,0.6778443113772455,0.7369791666666666
