,precision,recall,f1-score,support
non_stress,0.8346012961397576,0.7982751650720927,0.8160341621323782,7421.0
stress,0.5728958630527817,0.6310496543054682,0.6005682667863018,3182.0
accuracy,0.7480901631613694,0.7480901631613694,0.7480901631613694,0.7480901631613694
macro avg,0.7037485795962697,0.7146624096887805,0.70830121445934,10603.0
weighted avg,0.7560625157867672,0.7480901631613694,0.7513720401865879,10603.0
