,precision,recall,f1-score,support
non_stress,0.7739302498144942,0.8432825764721735,0.8071193654478622,7421.0
stress,0.5379419944378228,0.42551854179761156,0.47517108264607827,3182.0
accuracy,0.7179100254644912,0.7179100254644912,0.7179100254644912,0.7179100254644912
macro avg,0.6559361221261585,0.6344005591348926,0.6411452240469703,10603.0
weighted avg,0.703109290783223,0.7179100254644912,0.707500442890541,10603.0
