fold,f1,balanced_accuracy,precision,recall
1,0.483739837398374,0.5966176106851349,0.38387096774193546,0.6538461538461539
2,0.440699935191186,0.6033282663711625,0.4509283819628647,0.4309252217997465
3,0.5576519916142557,0.686425746134484,0.642512077294686,0.4925925925925926
4,0.6995412844036697,0.7716319193316772,0.9159159159159159,0.5658627087198516
5,0.20140515222482436,0.5559895833333334,1.0,0.11197916666666667
