,precision,recall,f1-score,support
non_stress,0.7892467664215065,0.8387009836949199,0.8132227085647089,7421.0
stress,0.5594405594405595,0.4776869893148963,0.5153415833192067,3182.0
accuracy,0.7303593322644535,0.7303593322644535,0.7303593322644535,0.7303593322644535
macro avg,0.674343662931033,0.658193986504908,0.6642821459419578,10603.0
weighted avg,0.7202810632607621,0.7303593322644535,0.7238274675450741,10603.0
