,precision,recall,f1-score,support
non_stress,0.7773818949590922,0.7938283250235817,0.7855190346023069,7421.0
stress,0.49421487603305786,0.46983029541169075,0.48171419365232804,3182.0
accuracy,0.6965953032160709,0.6965953032160709,0.6965953032160709,0.6965953032160709
macro avg,0.635798385496075,0.6318293102176362,0.6336166141273174,10603.0
weighted avg,0.6924024123388299,0.6965953032160709,0.6943460643200441,10603.0
