fold,f1,balanced_accuracy,precision,recall
1,0.5800130633572829,0.6891496766898696,0.45076142131979696,0.8131868131868132
2,0.41763005780346824,0.6002613124393235,0.4857142857142857,0.36628643852978454
3,0.5644171779141104,0.6900215749730312,0.6301369863013698,0.5111111111111111
4,0.49537366548042705,0.6137804890831525,0.4018475750577367,0.6456400742115028
5,0.30363036303630364,0.5890355603448276,0.9787234042553191,0.1796875
