,precision,recall,f1-score,support
non_stress,0.7963176064441887,0.8392399946098908,0.8172155885054455,7421.0
stress,0.5711718188353703,0.49937146448774355,0.5328638497652582,3182.0
accuracy,0.7372441761765538,0.7372441761765538,0.7372441761765538,0.7372441761765538
macro avg,0.6837447126397795,0.6693057295488172,0.6750397191353519,10603.0
weighted avg,0.728750512586671,0.7372441761765538,0.7318805670331003,10603.0
