,precision,recall,f1-score,support
non_stress,0.7742313323572474,0.7125724295916992,0.742123359764227,7421.0
stress,0.43466737344288364,0.5153991200502829,0.4716031631919482,3182.0
accuracy,0.6533999811374139,0.6533999811374139,0.6533999811374139,0.6533999811374139
macro avg,0.6044493529000655,0.613985774820991,0.6068632614780877,10603.0
weighted avg,0.6723269168837488,0.6533999811374139,0.6609392358848541,10603.0
