fold,f1,balanced_accuracy,precision,recall
1,0.505338078291815,0.622519227824694,0.41327124563445866,0.6501831501831502
2,0.47783534830166957,0.6186249308270408,0.43776371308016876,0.5259822560202788
3,0.5689655172413793,0.6912621359223301,0.5892857142857143,0.55
4,0.5911636589919104,0.7013249059253902,0.4447565543071161,0.8812615955473099
5,0.1686746987951807,0.4840607040229885,0.24873096446700507,0.12760416666666666
