,precision,recall,f1-score,support
non_stress,0.8279211767971135,0.8039347796792885,0.8157516920762973,7421.0
stress,0.5716808949072711,0.6103079824010057,0.5903632770937832,3182.0
accuracy,0.7458266528341035,0.7458266528341035,0.7458266528341035,0.7458266528341035
macro avg,0.6998010358521923,0.7071213810401471,0.7030574845850402,10603.0
weighted avg,0.7510225087811294,0.7458266528341035,0.7481117848354825,10603.0
