,precision,recall,f1-score,support
non_stress,0.7697871179039302,0.7601401428378924,0.7649332158112414,7421.0
stress,0.45648854961832064,0.46983029541169075,0.4630633421093387,3182.0
accuracy,0.6730170706403849,0.6730170706403849,0.6730170706403849,0.6730170706403849
macro avg,0.6131378337611254,0.6149852191247915,0.61399827896029,10603.0
weighted avg,0.6757650445016091,0.6730170706403849,0.6743409364450756,10603.0
