fold,f1,balanced_accuracy,precision,recall
1,0.5836575875486382,0.6926345358821242,0.45180722891566266,0.8241758241758241
2,0.4618991793669402,0.6080255050827534,0.4296619411123228,0.49936628643852976
3,0.4514811031664964,0.6164419273642575,0.5034168564920274,0.40925925925925927
4,0.45592705167173253,0.5857991887047578,0.3861003861003861,0.5565862708719852
5,0.2844638949671772,0.5803250718390804,0.8904109589041096,0.16927083333333334
