,precision,recall,f1-score,support
non_stress,0.7603905160390516,0.7346718771055114,0.7473099856075663,7421.0
stress,0.42644916982231285,0.4600879949717159,0.44263038548752837,3182.0
accuracy,0.652268225973781,0.652268225973781,0.652268225973781,0.652268225973781
macro avg,0.5934198429306823,0.5973799360386136,0.5949701855475473,10603.0
weighted avg,0.6601734676884279,0.652268225973781,0.6558744968230751,10603.0
