,precision,recall,f1-score,support
non_stress,0.7485094850948509,0.7443740735749899,0.7464360516181339,7421.0
stress,0.41141793360223394,0.4167190446260214,0.41405152224824354,3182.0
accuracy,0.6460435725737999,0.6460435725737999,0.6460435725737999,0.6460435725737999
macro avg,0.5799637093485425,0.5805465591005057,0.5802437869331887,10603.0
weighted avg,0.6473470483458641,0.6460435725737999,0.6466862098323194,10603.0
