fold,f1,balanced_accuracy,precision,recall
1,0.5116836428999401,0.6112828757523291,0.38023152270703475,0.782051282051282
2,0.325508607198748,0.555701911576704,0.42535787321063395,0.26362484157160965
3,0.5154019534184824,0.6363628191298094,0.4336283185840708,0.6351851851851852
4,0.4765564950038432,0.6051644078278461,0.4068241469816273,0.575139146567718
5,0.09200968523002422,0.5193516522988506,0.6551724137931034,0.049479166666666664
