,precision,recall,f1-score,support
non_stress,0.7742593095949987,0.7676862956474869,0.7709587928817917,7421.0
stress,0.4687211093990755,0.47800125707102453,0.473315699393185,3182.0
accuracy,0.6807507309252099,0.6807507309252099,0.6807507309252099,0.6807507309252099
macro avg,0.6214902094970371,0.6228437763592557,0.6221372461374883,10603.0
weighted avg,0.6825661517129439,0.6807507309252099,0.6816349860836453,10603.0
