,precision,recall,f1-score,support
non_stress,0.8856559469116896,0.9351839374747338,0.9097463459395687,7421.0
stress,0.8261655222262378,0.7184160905091138,0.7685325264750378,3182.0
accuracy,0.8701310949731208,0.8701310949731208,0.8701310949731208,0.8701310949731208
macro avg,0.8559107345689637,0.8268000139919238,0.8391394362073032,10603.0
weighted avg,0.8678026477181493,0.8701310949731208,0.8673675499821852,10603.0
