fold,f1,balanced_accuracy,precision,recall
1,0.5592315901814301,0.6880778653286692,0.670076726342711,0.47985347985347987
2,0.9016722408026756,0.9184555514818462,0.9546742209631728,0.8542458808618505
3,0.8285123966942148,0.8603739661992089,0.9369158878504673,0.7425925925925926
4,0.39914163090128757,0.5890066350114777,0.4732824427480916,0.3450834879406308
5,0.9437229437229437,0.9735766882183908,0.8987043580683156,0.9934895833333334
