,precision,recall,f1-score,support
non_stress,0.8940294649780305,0.9322193774423932,0.9127251137937858,7421.0
stress,0.8244328097731239,0.7423004399748586,0.7812138250372085,3182.0
accuracy,0.875223993209469,0.875223993209469,0.875223993209469,0.875223993209469
macro avg,0.8592311373755772,0.8372599087086259,0.8469694694154972,10603.0
weighted avg,0.8731432481656176,0.875223993209469,0.8732580836303011,10603.0
