,precision,recall,f1-score,support
non_stress,0.895398645847727,0.8731976822530656,0.8841588211215718,7421.0
stress,0.7204396910279264,0.7620993086109366,0.7406841783750764,3182.0
accuracy,0.8398566443459399,0.8398566443459399,0.8398566443459399,0.8398566443459399
macro avg,0.8079191684378266,0.8176484954320011,0.8124214997483241,10603.0
weighted avg,0.842892808420904,0.8398566443459399,0.8411015436322435,10603.0
