fold,f1,balanced_accuracy,precision,recall
1,0.5255731922398589,0.6563342873632263,0.5068027210884354,0.5457875457875457
2,0.8729208250166334,0.9000064538542555,0.9187675070028011,0.8314321926489227
3,0.895852534562212,0.9261326860841423,0.8917431192660551,0.9
4,0.5803921568627451,0.6955284425018081,0.5027173913043478,0.686456400742115
5,0.793036750483559,0.8551320043103448,0.7854406130268199,0.80078125
