,precision,recall,f1-score,support
non_stress,0.9167721074089695,0.8787225441315186,0.8973441585248383,7421.0
stress,0.7421203438395415,0.813953488372093,0.776378896882494,3182.0
accuracy,0.8592851079883052,0.8592851079883052,0.8592851079883052,0.8592851079883052
macro avg,0.8294462256242555,0.8463380162518058,0.8368615277036662,10603.0
weighted avg,0.8643584592265758,0.8592851079883052,0.8610420305850157,10603.0
