,precision,recall,f1-score,support
non_stress,0.9372384937238494,0.9263854425144747,0.9317803660565723,1209.0
stress,0.8275193798449613,0.850597609561753,0.8388998035363457,502.0
accuracy,0.9041496201052016,0.9041496201052016,0.9041496201052016,0.9041496201052016
macro avg,0.8823789367844053,0.8884915260381139,0.885340084796459,1711.0
weighted avg,0.9050473802421417,0.9041496201052016,0.9045296107174995,1711.0
