,precision,recall,f1-score,support
non_stress,0.8057009889470622,0.7465301172348741,0.7749877596698608,7421.0
stress,0.49530453447813255,0.5801382778126964,0.534375452308583,3182.0
accuracy,0.6965953032160709,0.6965953032160709,0.6965953032160709,0.6965953032160709
macro avg,0.6505027617125974,0.6633341975237852,0.6546816059892219,10603.0
weighted avg,0.712549850767289,0.6965953032160709,0.7027791053245258,10603.0
