fold,f1,balanced_accuracy,precision,recall
1,0.6197802197802198,0.7281986502243737,0.5164835164835165,0.7747252747252747
2,0.5531062124248497,0.6827257784790051,0.5847457627118644,0.5247148288973384
3,0.6004016064257028,0.7133405249910104,0.6557017543859649,0.5537037037037037
4,0.47767857142857145,0.5641017578063583,0.3415802075019952,0.7940630797773655
5,0.44797458300238285,0.6272898706896552,0.5743380855397149,0.3671875
