,precision,recall,f1-score,support
non_stress,0.8082366260968016,0.7695728338498855,0.7884310071098226,7421.0
stress,0.5165394402035624,0.5741671904462602,0.5438309272213127,3182.0
accuracy,0.7109308686220881,0.7109308686220881,0.7109308686220881,0.7109308686220881
macro avg,0.6623880331501819,0.6718700121480728,0.6661309671655676,10603.0
weighted avg,0.720697208430831,0.7109308686220881,0.7150256072979544,10603.0
