,precision,recall,f1-score,support
non_stress,0.8844193415070947,0.8651125185285002,0.8746594005449592,7421.0
stress,0.7006578947368421,0.7363293526084224,0.7180508734293595,3182.0
accuracy,0.8264642082429501,0.8264642082429501,0.8264642082429501,0.8264642082429501
macro avg,0.7925386181219685,0.8007209355684612,0.7963551369871593,10603.0
weighted avg,0.8292718432874452,0.8264642082429501,0.8276605951802665,10603.0
