fold,f1,balanced_accuracy,precision,recall
1,0.6198267564966313,0.7261418913348174,0.6531440162271805,0.5897435897435898
2,0.8021390374331551,0.8684392108721354,0.7550335570469798,0.8555133079847909
3,0.865530303030303,0.8992808342322905,0.8856589147286822,0.8462962962962963
4,0.351931330472103,0.5597203442239762,0.4173027989821883,0.3042671614100185
5,0.7984581497797357,0.8849901221264367,0.691793893129771,0.9440104166666666
