,precision,recall,f1-score,support
non_stress,0.8802788577557313,0.8847864169249428,0.8825268817204301,7421.0
stress,0.7280534351145038,0.7193588937774984,0.7236800505848877,3182.0
accuracy,0.8351409978308026,0.8351409978308026,0.8351409978308026,0.8351409978308026
macro avg,0.8041661464351175,0.8020726553512205,0.8031034661526589,10603.0
weighted avg,0.8345954384551196,0.8351409978308026,0.8348563529386425,10603.0
