epoch,accuracy,auc,loss,val_accuracy,val_auc,val_loss
1,0.6452546119689941,0.7508605122566223,0.6253863573074341,0.7385159134864807,0.9759771823883057,0.7001845240592957
2,0.7899305820465088,0.8833325505256653,0.42972251772880554,0.7491165995597839,0.9225855469703674,0.9411624073982239
3,0.8697916865348816,0.9394699931144714,0.31427738070487976,0.7420494556427002,0.8936854004859924,1.097582459449768
4,0.8975694179534912,0.9606273770332336,0.2491539865732193,0.744405210018158,0.8182697296142578,1.180533766746521
5,0.9120370149612427,0.9636924862861633,0.23492710292339325,0.7514722943305969,0.842397153377533,1.1151913404464722
6,0.9160879850387573,0.9726987481117249,0.2035215198993683,0.7538280487060547,0.7673219442367554,1.2289159297943115
