,precision,recall,f1-score,support
non_stress,0.8949406298399587,0.9343754211022773,0.9142329751466808,7421.0
stress,0.8294220665499125,0.7441860465116279,0.7844956104025178,3182.0
accuracy,0.8772988776761294,0.8772988776761294,0.8772988776761294,0.8772988776761294
macro avg,0.8621813481949356,0.8392807338069526,0.8493642927745992,10603.0
weighted avg,0.8752782636804824,0.8772988776761294,0.8752983062212892,10603.0
