fold,f1,balanced_accuracy,precision,recall
1,0.578420467185762,0.7007158168733731,0.7365439093484419,0.47619047619047616
2,0.8237762237762237,0.8591727806637034,0.9188767550702028,0.7465145754119138
3,0.925343811394892,0.9332793959007551,0.9853556485355649,0.8722222222222222
4,0.5867126833477135,0.7024045365449724,0.5483870967741935,0.6307977736549165
5,0.9248856956237753,0.9461206896551724,0.927916120576671,0.921875
