,precision,recall,f1-score,support
non_stress,0.9073303873147908,0.9407087993531869,0.9237181607674495,7421.0
stress,0.8487452732897903,0.7759270898805782,0.8107043178460023,3182.0
accuracy,0.8912571913609356,0.8912571913609356,0.8912571913609356,0.8912571913609356
macro avg,0.8780378303022905,0.8583179446168825,0.867211239306726,10603.0
weighted avg,0.8897487752401373,0.8912571913609356,0.8898022833576554,10603.0
