,precision,recall,f1-score,support
non_stress,0.7598752598752598,0.6895297129766877,0.7229954079830448,7421.0
stress,0.40449728612044455,0.49182903834066627,0.4439086654375266,3182.0
accuracy,0.6301990002829387,0.6301990002829387,0.6301990002829387,0.6301990002829387
macro avg,0.5821862729978522,0.590679375658677,0.5834520367102858,10603.0
weighted avg,0.6532249993369383,0.6301990002829387,0.6392404315820415,10603.0
