fold,f1,balanced_accuracy,precision,recall
1,0.501861504095309,0.6237205988009846,0.4228356336260979,0.6172161172161172
2,0.46416758544652703,0.6031964429650929,0.41073170731707315,0.5335868187579215
3,0.4690831556503198,0.6316972312117943,0.5527638190954773,0.4074074074074074
4,0.5443196004993758,0.6514260557844093,0.4101599247412982,0.8089053803339518
5,0.22304283604135894,0.4811197916666667,0.257679180887372,0.19661458333333334
