,precision,recall,f1-score,support
non_stress,0.7903470990625792,0.8407222746260612,0.8147567744041789,7421.0
stress,0.5636766334440753,0.47988686360779387,0.5184179256492956,3182.0
accuracy,0.7324342167311139,0.7324342167311139,0.7324342167311139,0.7324342167311139
macro avg,0.6770118662533272,0.6603045691169276,0.6665873500267372,10603.0
weighted avg,0.7223224436256199,0.7324342167311139,0.7258243763340064,10603.0
