,precision,recall,f1-score,support
non_stress,0.743577694235589,0.6396712033418677,0.687721839913075,7421.0
stress,0.3662005214505807,0.4855436832181018,0.41751114714227805,3182.0
accuracy,0.5934169574648684,0.5934169574648684,0.5934169574648684,0.5934169574648684
macro avg,0.5548891078430849,0.5626074432799848,0.5526164935276765,10603.0
weighted avg,0.6303253916983923,0.5934169574648684,0.606630599283378,10603.0
