fold,f1,balanced_accuracy,precision,recall
1,0.39944521497919555,0.4193182219709551,0.26716141001855287,0.7912087912087912
2,0.25193199381761977,0.5106625911263624,0.3227722772277228,0.20659062103929024
3,0.41723356009070295,0.5504584681769147,0.3524904214559387,0.5111111111111111
4,0.46812080536912754,0.6078844480781527,0.42725880551301687,0.5176252319109462
5,0.5528341497550735,0.6855019755747127,0.5975794251134644,0.5143229166666666
