,precision,recall,f1-score,support
non_stress,0.7645534897896983,0.6760544401024121,0.7175856397053565,7421.0
stress,0.40509774808215787,0.5144563167818982,0.4532742627717015,3182.0
accuracy,0.627558238234462,0.627558238234462,0.627558238234462,0.627558238234462
macro avg,0.5848256189359281,0.5952553784421551,0.585429951238529,10603.0
weighted avg,0.6566794758206901,0.627558238234462,0.6382648058467418,10603.0
