,precision,recall,f1-score,support
non_stress,0.715653298835705,0.745452095404932,0.7302488284601677,7421.0
stress,0.3424991298294466,0.3092394720301697,0.3250206440957886,3182.0
accuracy,0.6145430538526832,0.6145430538526832,0.6145430538526832,0.6145430538526832
macro avg,0.5290762143325758,0.5273457837175508,0.5276347362779782,10603.0
weighted avg,0.6036683355443805,0.6145430538526832,0.6086383330675944,10603.0
