fold,f1,balanced_accuracy,precision,recall
1,0.24043715846994534,0.4520688314900534,0.2391304347826087,0.24175824175824176
2,0.1991769547325103,0.494068290016986,0.284037558685446,0.15335868187579213
3,0.4893797790994053,0.6254854368932039,0.4521193092621664,0.5333333333333333
4,0.19047619047619047,0.4269048143140153,0.19569471624266144,0.18552875695732837
5,0.4528052805280528,0.6144710847701149,0.45917001338688085,0.4466145833333333
