,precision,recall,f1-score,support
non_stress,0.7306779872643276,0.7885729686026142,0.7585223590408295,7421.0
stress,0.3951426368542791,0.32212445003142676,0.35491689750692523,3182.0
accuracy,0.648590021691974,0.648590021691974,0.648590021691974,0.648590021691974
macro avg,0.5629103120593033,0.5553487093170204,0.5567196282738773,10603.0
weighted avg,0.629982572286984,0.648590021691974,0.6373988488455185,10603.0
