,precision,recall,f1-score,support
non_stress,0.730909090909091,1.0,0.8445378151260504,603.0
stress,1.0,0.0975609756097561,0.17777777777777778,246.0
accuracy,0.7385159010600707,0.7385159010600707,0.7385159010600707,0.7385159010600707
macro avg,0.8654545454545455,0.5487804878048781,0.5111577964519141,849.0
weighted avg,0.8088788949566335,0.7385159010600707,0.6513423272724873,849.0
