,precision,recall,f1-score,support
non_stress,0.8312312954253954,0.8384905660377359,0.8348451505555258,9275.0
stress,0.6163892445582586,0.6038635223281485,0.6100620960588011,3986.0
accuracy,0.7679662167257372,0.7679662167257372,0.7679662167257372,0.7679662167257372
macro avg,0.723810269991827,0.7211770441829422,0.7224536233071635,13261.0
weighted avg,0.7666539321227481,0.7679662167257372,0.7672797139199821,13261.0
