,precision,recall,f1-score,support
non_stress,0.7181889149102264,0.7438350626600189,0.7307870523598332,7421.0
stress,0.3483030510798766,0.3192960402262728,0.33316937202820135,3182.0
accuracy,0.6164293124587381,0.6164293124587381,0.6164293124587381,0.6164293124587381
macro avg,0.5332459829950515,0.5315655514431459,0.5319782121940173,10603.0
weighted avg,0.6071847822394565,0.6164293124587381,0.6114604977229142,10603.0
