fold,f1,balanced_accuracy,precision,recall
1,0.2595978062157221,0.46685335029386477,0.2591240875912409,0.2600732600732601
2,0.20857863751051303,0.5038242519364996,0.31,0.15716096324461343
3,0.45956765412329864,0.5950287666307084,0.40479548660084624,0.5314814814814814
4,0.21465968586387435,0.41878138004045995,0.2026359143327842,0.22820037105751392
5,0.47853624208304013,0.6370330459770115,0.5206738131699847,0.4427083333333333
