,precision,recall,f1-score,support
non_stress,0.7285406364904273,0.7742891793558819,0.7507185785210347,7421.0
stress,0.38328424153166424,0.3271527341294783,0.35300101729399797,3182.0
accuracy,0.640101857964727,0.640101857964727,0.640101857964727,0.640101857964727
macro avg,0.5559124390110458,0.5507209567426801,0.5518597979075164,10603.0
weighted avg,0.6249278996462526,0.640101857964727,0.6313620492534283,10603.0
