,precision,recall,f1-score,support
non_stress,0.6956983536909187,0.7061042986120469,0.7008627031364943,7421.0
stress,0.28980788016932596,0.2796983029541169,0.2846633615864385,3182.0
accuracy,0.5781382627558238,0.5781382627558238,0.5781382627558238,0.5781382627558238
macro avg,0.49275311693012236,0.4929013007830819,0.49276303236146646,10603.0
weighted avg,0.573889102842507,0.5781382627558238,0.5759597223940367,10603.0
