fold,f1,balanced_accuracy,precision,recall
1,0.166351606805293,0.4101680741552124,0.171875,0.16117216117216118
2,0.21333333333333335,0.47830784060902415,0.25668449197860965,0.18250950570342206
3,0.35858964741185295,0.4971862639338368,0.30138713745271123,0.4425925925925926
4,0.23170731707317074,0.43128622789639737,0.21839080459770116,0.24675324675324675
5,0.41935483870967744,0.6026849856321839,0.4798657718120805,0.3723958333333333
