,precision,recall,f1-score,support
non_stress,0.7085905349794238,0.7424875353725913,0.7251431203527012,7421.0
stress,0.32401839405730454,0.28786926461345064,0.30487601930437674,3182.0
accuracy,0.6060548901254362,0.6060548901254362,0.6060548901254362,0.6060548901254362
macro avg,0.5163044645183642,0.515178399993021,0.515009569828539,10603.0
weighted avg,0.5931789955647127,0.6060548901254362,0.5990193897542132,10603.0
