,precision,recall,f1-score,support
non_stress,0.7473224910749703,0.7616224228540628,0.7544046983449012,7421.0
stress,0.4180921052631579,0.3994343180389692,0.40855030536804887,3182.0
accuracy,0.6529284164859002,0.6529284164859002,0.6529284164859002,0.6529284164859002
macro avg,0.5827072981690641,0.5805283704465161,0.5814775018564751,10603.0
weighted avg,0.648519219580753,0.6529284164859002,0.6506125000564598,10603.0
