fold,f1,balanced_accuracy,precision,recall
1,0.49069003285870755,0.5758512655618765,0.35,0.8205128205128205
2,0.24664224664224665,0.45276636910279067,0.23792697290930506,0.25602027883396705
3,0.4728079911209767,0.6373516720604099,0.590027700831025,0.39444444444444443
4,0.6512096774193549,0.7471672798549311,0.7130242825607064,0.5992578849721707
5,0.19653179190751446,0.552105783045977,0.8762886597938144,0.11067708333333333
