,precision,recall,f1-score,support
non_stress,0.7534173855341738,0.7649912410726317,0.7591602032629046,7421.0
stress,0.4315514993481095,0.41609050911376494,0.42368,3182.0
accuracy,0.6602848250495142,0.6602848250495142,0.6602848250495142,0.6602848250495142
macro avg,0.5924844424411416,0.5905408750931983,0.5914201016314523,10603.0
weighted avg,0.6568242279519747,0.6602848250495142,0.658481338150902,10603.0
