,precision,recall,f1-score,support
non_stress,0.7789555325749742,0.812019943403854,0.795144157814871,7421.0
stress,0.5134286710847575,0.46260213702074165,0.4866920152091255,3182.0
accuracy,0.7071583514099783,0.7071583514099783,0.7071583514099783,0.7071583514099783
macro avg,0.6461921018298659,0.6373110402122978,0.6409180865119982,10603.0
weighted avg,0.6992699272498899,0.7071583514099783,0.7025765149051773,10603.0
