fold,f1,balanced_accuracy,precision,recall
1,0.5701119157340355,0.6794783458770597,0.4450154162384378,0.793040293040293
2,0.3972508591065292,0.5810305432085543,0.4339339339339339,0.36628643852978454
3,0.5263157894736842,0.6646889608054657,0.5803571428571429,0.48148148148148145
4,0.6114432109308283,0.7215234321771853,0.5664556962025317,0.6641929499072357
5,0.28820960698689957,0.5816271551724138,0.8918918918918919,0.171875
