,precision,recall,f1-score,support
non_stress,0.7810977173634265,0.8207788707721332,0.8004468099086668,7421.0
stress,0.5258467023172906,0.46354494028912635,0.4927342575580424,3182.0
accuracy,0.713571630670565,0.713571630670565,0.713571630670565,0.713571630670565
macro avg,0.6534722098403585,0.6421619055306298,0.6465905337333546,10603.0
weighted avg,0.7044959320312748,0.713571630670565,0.708101120803726,10603.0
