,precision,recall,f1-score,support
non_stress,0.7739861523244312,0.843552081929659,0.807273196208653,7421.0
stress,0.5383697813121272,0.42551854179761156,0.475337897138845,3182.0
accuracy,0.7180986513250966,0.7180986513250966,0.7180986513250966,0.7180986513250966
macro avg,0.6561779668182792,0.6345353118636353,0.641305546673749,10603.0
weighted avg,0.7032767971833247,0.7180986513250966,0.7076581701179119,10603.0
