fold,f1,balanced_accuracy,precision,recall
1,0.4976713240186294,0.6081660836483987,0.39080459770114945,0.684981684981685
2,0.44314489928525014,0.6053162594559264,0.45466666666666666,0.43219264892268694
3,0.5531019978969506,0.6836479683567063,0.6399026763990268,0.48703703703703705
4,0.6729857819905213,0.7549762586082198,0.9311475409836065,0.5269016697588126
5,0.21395348837209302,0.5598958333333334,1.0,0.11979166666666667
