,precision,recall,f1-score,support
non_stress,0.7846290200050646,0.8350626600188654,0.8090606436451465,7421.0
stress,0.5475046210720887,0.4654305468258957,0.5031425174112452,3182.0
accuracy,0.7241346788644724,0.7241346788644724,0.7241346788644724,0.7241346788644724
macro avg,0.6660668205385767,0.6502466034223806,0.6561015805281958,10603.0
weighted avg,0.7134671000385713,0.7241346788644724,0.7172534685365666,10603.0
