,precision,recall,f1-score,support
non_stress,0.730548881907226,0.5326775367201185,0.6161159600997507,7421.0
stress,0.3320493066255778,0.5417976115650535,0.4117506567948412,3182.0
accuracy,0.5354145053286805,0.5354145053286805,0.5354145053286805,0.5354145053286805
macro avg,0.5312990942664019,0.537237574142586,0.5139333084472959,10603.0
weighted avg,0.6109576672937954,0.5354145053286805,0.5547851673886103,10603.0
