fold,f1,balanced_accuracy,precision,recall
1,0.42744063324538256,0.49145789901416914,0.3002223869532987,0.7417582417582418
2,0.33380749170222856,0.4608786579278734,0.26666666666666666,0.4461343472750317
3,0.4745762711864407,0.6136281912980942,0.4375,0.5185185185185185
4,0.36613756613756615,0.41539574227225556,0.2561065877128053,0.6419294990723562
5,0.5246153846153846,0.670550466954023,0.6409774436090225,0.4440104166666667
