,precision,recall,f1-score,support
non_stress,0.7354382144801307,0.5461528095943943,0.6268171976492422,7421.0
stress,0.33857030636292224,0.5417976115650535,0.4167270969301426,3182.0
accuracy,0.544845798358955,0.544845798358955,0.544845798358955,0.544845798358955
macro avg,0.5370042604215265,0.5439752105797239,0.5217721472896923,10603.0
weighted avg,0.6163366692920748,0.544845798358955,0.5637683717991833,10603.0
