variant,model,n_cv_folds,cv_f1_mean,cv_f1_std,cv_balanced_accuracy_mean,cv_balanced_accuracy_std,cv_precision_mean,cv_recall_mean,loso_mean_accuracy,loso_std_accuracy,loso_mean_dummy_baseline,loso_mean_balanced_accuracy,loso_std_balanced_accuracy,loso_mean_f1,loso_mean_roc_auc,n_train_pool_subjects,test_accuracy,test_balanced_accuracy,test_f1,test_precision,test_recall,test_roc_auc,test_dummy_baseline_accuracy,test_subjects,train_pool_subjects
filtered_normalized,svm,5,0.7678277762656733,0.1557475686810811,0.8283386439275953,0.10768741903889816,0.823415906061015,0.7295200094959057,0.8921979655790185,0.14386762386739183,0.7000019382942114,0.8622220335848336,0.18413416614146935,0.7938954460877787,0.9022218677484308,12,0.9928517682468021,0.9881840796019901,0.9880427942101951,1.0,0.9763681592039801,0.9998517391467688,0.6975169300225733,"S10,S4,S6","S11,S13,S14,S15,S16,S17,S2,S3,S5,S7,S8,S9"
filtered,svm,5,0.3842320767502076,0.16175018296558358,0.5855727333171078,0.04219472837620651,0.460242855055294,0.46109592440849234,0.6803427513836574,0.1562375699072743,0.7000019382942114,0.6214788407628185,0.15352134340838391,0.42803738430169047,0.7601424241365038,12,0.9044394281414597,0.8850086138884863,0.8410513141426783,0.8463476070528967,0.835820895522388,0.9521197947694108,0.6975169300225733,"S10,S4,S6","S11,S13,S14,S15,S16,S17,S2,S3,S5,S7,S8,S9"
raw,svm,5,0.40585623473524085,0.12780280235528413,0.5914593240869939,0.03616753416502438,0.45455041046534417,0.46202875626269846,0.6811402210246454,0.14729196704372885,0.7000019382942114,0.6216739146069633,0.13947086186620866,0.42218079156650856,0.7556147451982693,12,0.872084273890143,0.8561802637298942,0.7941888619854721,0.7735849056603774,0.8159203980099502,0.9320884788570631,0.6975169300225733,"S10,S4,S6","S11,S13,S14,S15,S16,S17,S2,S3,S5,S7,S8,S9"
raw_windows,svm,5,0.41791314480234387,0.09860603988254539,0.5547651409854195,0.08969195160068859,0.3934524678657391,0.5081717343873611,0.6281792493505824,0.21443616411514832,0.7000019382942114,0.5946123660455879,0.18216469133830068,0.4119122123094496,0.6624008901841623,12,0.8220466516177577,0.820311871065385,0.735014005602241,0.6687054026503568,0.8159203980099502,0.8946727393238768,0.6975169300225733,"S10,S4,S6","S11,S13,S14,S15,S16,S17,S2,S3,S5,S7,S8,S9"
